1,199,177,PngItem_1241672.png,711,833
2,180,210,PngItem_1241672.png,711,833
3,167,260,PngItem_1241672.png,711,833
4,168,320,PngItem_1241672.png,711,833
5,196,373,PngItem_1241672.png,711,833
6,232,417,PngItem_1241672.png,711,833
7,274,448,PngItem_1241672.png,711,833
8,333,471,PngItem_1241672.png,711,833
9,392,492,PngItem_1241672.png,711,833
10,437,484,PngItem_1241672.png,711,833
11,484,471,PngItem_1241672.png,711,833
12,531,444,PngItem_1241672.png,711,833
13,565,400,PngItem_1241672.png,711,833
14,601,347,PngItem_1241672.png,711,833
15,624,288,PngItem_1241672.png,711,833
16,641,234,PngItem_1241672.png,711,833
17,645,160,PngItem_1241672.png,711,833
49,279,347,PngItem_1241672.png,711,833
50,339,330,PngItem_1241672.png,711,833
51,387,320,PngItem_1241672.png,711,833
52,448,312,PngItem_1241672.png,711,833
53,490,302,PngItem_1241672.png,711,833
54,528,293,PngItem_1241672.png,711,833
55,561,293,PngItem_1241672.png,711,833
56,550,352,PngItem_1241672.png,711,833
57,503,385,PngItem_1241672.png,711,833
58,445,421,PngItem_1241672.png,711,833
59,360,417,PngItem_1241672.png,711,833
60,307,383,PngItem_1241672.png,711,833
61,319,347,PngItem_1241672.png,711,833
62,419,341,PngItem_1241672.png,711,833
63,481,332,PngItem_1241672.png,711,833
65,541,314,PngItem_1241672.png,711,833
66,496,367,PngItem_1241672.png,711,833
67,381,394,PngItem_1241672.png,711,833
68,336,382,PngItem_1241672.png,711,833